	variantid	gene_symbol	variant_dsi	variant_dpi	variant_consequence_type	diseaseid	disease_name	disease_class	disease_class_name	disease_type	disease_semantic_type	score	ei	year_initial	year_final	source
0	rs145588689	ADAR	0.882	0.2	missense variant	C3539013	AICARDI-GOUTIERES SYNDROME 6			disease	Disease or Syndrome	0.8	1.0	2012.0	2012.0	UNIPROT
1	rs28936680	ADAR	1.0	0.08	missense variant	C0406775	Symmetrical dyschromatosis of extremities	C23;C17	   Pathological Conditions, Signs and Symptoms;    Skin and Connective Tissue Diseases	disease	Congenital Abnormality	0.8				UNIPROT
2	rs28936681	ADAR;CHRNB2	1.0	0.08	missense variant	C0406775	Symmetrical dyschromatosis of extremities	C23;C17	   Pathological Conditions, Signs and Symptoms;    Skin and Connective Tissue Diseases	disease	Congenital Abnormality	0.8				UNIPROT
3	rs398122822	ADAR	0.925	0.08	missense variant	C3539013	AICARDI-GOUTIERES SYNDROME 6			disease	Disease or Syndrome	0.8	1.0	2005.0	2014.0	UNIPROT
4	rs398122892	ADAR	1.0		missense variant	C3539013	AICARDI-GOUTIERES SYNDROME 6			disease	Disease or Syndrome	0.8	1.0	2012.0	2012.0	UNIPROT
5	rs398122893	ADAR	1.0		missense variant	C3539013	AICARDI-GOUTIERES SYNDROME 6			disease	Disease or Syndrome	0.8	1.0	2012.0	2012.0	UNIPROT
6	rs398122894	ADAR	1.0		missense variant	C3539013	AICARDI-GOUTIERES SYNDROME 6			disease	Disease or Syndrome	0.8	1.0	2012.0	2012.0	UNIPROT
7	rs398122895	ADAR	1.0		missense variant	C3539013	AICARDI-GOUTIERES SYNDROME 6			disease	Disease or Syndrome	0.8	1.0	2012.0	2012.0	UNIPROT
8	rs398122896	ADAR	1.0		missense variant	C3539013	AICARDI-GOUTIERES SYNDROME 6			disease	Disease or Syndrome	0.8	1.0	2012.0	2012.0	UNIPROT
9	rs398122897	ADAR	1.0		missense variant	C3539013	AICARDI-GOUTIERES SYNDROME 6			disease	Disease or Syndrome	0.8	1.0	2012.0	2012.0	UNIPROT
10	rs1044845711	ADAR;CHRNB2	1.0	0.08	missense variant	C0406775	Symmetrical dyschromatosis of extremities	C23;C17	   Pathological Conditions, Signs and Symptoms;    Skin and Connective Tissue Diseases	disease	Congenital Abnormality	0.72	1.0	2005.0	2013.0	UNIPROT
11	rs144119808	ADAR	1.0	0.08	missense variant	C0006142	Malignant neoplasm of breast	C04;C17	   Neoplasms;    Skin and Connective Tissue Diseases	disease	Neoplastic Process	0.7				UNIPROT
0	rs1288116010	EPRS1	1.0		missense variant	C4693733	LEUKODYSTROPHY, HYPOMYELINATING, 15			disease	Disease or Syndrome	0.8	1.0	2018.0	2018.0	UNIPROT
1	rs1474000585	EPRS1	1.0		missense variant	C4693733	LEUKODYSTROPHY, HYPOMYELINATING, 15			disease	Disease or Syndrome	0.8				UNIPROT
2	rs898824971	EPRS1	1.0		missense variant	C4693733	LEUKODYSTROPHY, HYPOMYELINATING, 15			disease	Disease or Syndrome	0.8				UNIPROT
0	rs372781135	PYCR2;MIR6741	1.0		missense variant	C4225332	LEUKODYSTROPHY, HYPOMYELINATING, 10			disease	Disease or Syndrome	0.8	1.0	2015.0	2015.0	UNIPROT
1	rs876657403	PYCR2	1.0		missense variant	C4225332	LEUKODYSTROPHY, HYPOMYELINATING, 10			disease	Disease or Syndrome	0.8				UNIPROT
0	rs267606846	GJC2	1.0		missense variant	C4747646	LYMPHATIC MALFORMATION 3			disease	Disease or Syndrome	0.8	1.0	2010.0	2010.0	UNIPROT
1	rs267606847	GJC2	1.0		missense variant	C4747646	LYMPHATIC MALFORMATION 3			disease	Disease or Syndrome	0.8	1.0	2010.0	2010.0	UNIPROT
2	rs74315311	GJC2	1.0	0.12	missense variant	C1837355	Leukodystrophy, Hypomyelinating, 2	C16;C18;C10	   Congenital, Hereditary, and Neonatal Diseases and Abnormalities;    Nutritional and Metabolic Diseases;    Nervous System Diseases	disease	Disease or Syndrome	0.8	1.0	2004.0	2004.0	UNIPROT
3	rs74315312	GJC2	1.0	0.12	missense variant	C1837355	Leukodystrophy, Hypomyelinating, 2	C16;C18;C10	   Congenital, Hereditary, and Neonatal Diseases and Abnormalities;    Nutritional and Metabolic Diseases;    Nervous System Diseases	disease	Disease or Syndrome	0.8	1.0	2004.0	2004.0	UNIPROT
4	rs74315314	GJC2	1.0	0.12	missense variant	C1837355	Leukodystrophy, Hypomyelinating, 2	C16;C18;C10	   Congenital, Hereditary, and Neonatal Diseases and Abnormalities;    Nutritional and Metabolic Diseases;    Nervous System Diseases	disease	Disease or Syndrome	0.8	1.0	2004.0	2004.0	UNIPROT
5	rs75469429	GJC2	1.0	0.08	missense variant	C2750784	SPASTIC PARAPLEGIA 44, AUTOSOMAL RECESSIVE (disorder)	C16;C10	   Congenital, Hereditary, and Neonatal Diseases and Abnormalities;    Nervous System Diseases	disease	Disease or Syndrome	0.8	1.0	2009.0	2009.0	UNIPROT
0	rs587777016	IBA57	1.0		missense variant	C3809165	MULTIPLE MITOCHONDRIAL DYSFUNCTIONS SYNDROME 3			disease	Disease or Syndrome	0.8	1.0	2013.0	2013.0	UNIPROT
0	rs397514598	PNPT1	1.0		missense variant	C3554129	COMBINED OXIDATIVE PHOSPHORYLATION DEFICIENCY 13			disease	Disease or Syndrome	0.8	1.0	2012.0	2012.0	UNIPROT
1	rs397514599	PNPT1	0.925	0.12	missense variant	C1824925	DEAFNESS, AUTOSOMAL RECESSIVE 70			disease	Disease or Syndrome	0.7	1.0	2012.0	2012.0	UNIPROT
0	rs148674363	TET3;BOLA3	1.0		missense variant	C3280378	MULTIPLE MITOCHONDRIAL DYSFUNCTIONS SYNDROME 2 WITH HYPERGLYCINEMIA			disease	Disease or Syndrome	0.7	1.0	2011.0	2016.0	UNIPROT
1	rs550855238	BOLA3	1.0		missense variant	C3280378	MULTIPLE MITOCHONDRIAL DYSFUNCTIONS SYNDROME 2 WITH HYPERGLYCINEMIA			disease	Disease or Syndrome	0.7	1.0	2011.0	2016.0	UNIPROT
0	rs66468541	HSPD1	0.925	0.08	missense variant	C1854467	Spastic paraplegia 13, autosomal dominant	C16;C10	   Congenital, Hereditary, and Neonatal Diseases and Abnormalities;    Nervous System Diseases	disease	Disease or Syndrome	0.81	1.0	2008.0	2008.0	UNIPROT
1	rs72466451	HSPD1;HSPE1;HSPE1-MOB4	0.925	0.16	missense variant	C2677109	Leukodystrophy, Hypomyelinating, 4	C16;C18;C10	   Congenital, Hereditary, and Neonatal Diseases and Abnormalities;    Nutritional and Metabolic Diseases;    Nervous System Diseases	disease	Disease or Syndrome	0.8				UNIPROT
0	rs199422224	NDUFS1	1.0		missense variant	C4748754	MITOCHONDRIAL COMPLEX I DEFICIENCY, NUCLEAR TYPE 5			disease	Disease or Syndrome	0.8				UNIPROT
1	rs199422225	NDUFS1	1.0		missense variant	C4748754	MITOCHONDRIAL COMPLEX I DEFICIENCY, NUCLEAR TYPE 5			disease	Disease or Syndrome	0.8				UNIPROT
0	rs189360006	DAG1	1.0		missense variant	C3151184	MUSCULAR DYSTROPHY-DYSTROGLYCANOPATHY (LIMB-GIRDLE), TYPE C, 9			disease	Disease or Syndrome	0.8				UNIPROT
1	rs193922955	DAG1	1.0		missense variant	C3151184	MUSCULAR DYSTROPHY-DYSTROGLYCANOPATHY (LIMB-GIRDLE), TYPE C, 9			disease	Disease or Syndrome	0.8	1.0	2011.0	2015.0	UNIPROT
2	rs797045023	DAG1	1.0		missense variant	C4225291	MUSCULAR DYSTROPHY-DYSTROGLYCANOPATHY (CONGENITAL WITH BRAIN AND EYE ANOMALIES), TYPE A, 9			disease	Disease or Syndrome	0.8				UNIPROT
3	rs117209107	DAG1	1.0		missense variant	C3151184	MUSCULAR DYSTROPHY-DYSTROGLYCANOPATHY (LIMB-GIRDLE), TYPE C, 9			disease	Disease or Syndrome	0.7				UNIPROT
0	rs144133667	LIAS	0.925	0.04	missense variant	C3280887	HYPERGLYCINEMIA, LACTIC ACIDOSIS, AND SEIZURES			disease	Disease or Syndrome	0.7				UNIPROT
0	rs747359752	NDUFS4	1.0	0.04	missense variant	C1838979	MITOCHONDRIAL COMPLEX I DEFICIENCY	C18	   Nutritional and Metabolic Diseases	disease	Disease or Syndrome	0.7				UNIPROT
0	rs369398935	RARS1	1.0		missense variant	C4015323	LEUKODYSTROPHY, HYPOMYELINATING, 9			disease	Disease or Syndrome	0.8	1.0	2014	2014	UNIPROT
1	rs672601372	RARS1	0.925	0.12	missense variant	C4015323	LEUKODYSTROPHY, HYPOMYELINATING, 9			disease	Disease or Syndrome	0.8	1.0	2014	2017	UNIPROT
0	rs371802902	POLR1C	1.0		missense variant	C4225305	LEUKODYSTROPHY, HYPOMYELINATING, 11			disease	Disease or Syndrome	0.8	1.0	1978.0	2015.0	UNIPROT
1	rs373046018	POLR1C	1.0		missense variant	C4225305	LEUKODYSTROPHY, HYPOMYELINATING, 11			disease	Disease or Syndrome	0.8	1.0	1978.0	2015.0	UNIPROT
2	rs796052127	POLR1C	0.925	0.12	missense variant	C4225305	LEUKODYSTROPHY, HYPOMYELINATING, 11			disease	Disease or Syndrome	0.8	1.0	1978.0	1978.0	UNIPROT
3	rs1305006253	POLR1C	1.0		missense variant	C4225305	LEUKODYSTROPHY, HYPOMYELINATING, 11			disease	Disease or Syndrome	0.7				UNIPROT
4	rs201320592	POLR1C	1.0		missense variant	C4225305	LEUKODYSTROPHY, HYPOMYELINATING, 11			disease	Disease or Syndrome	0.7	1.0	2015.0	2015.0	UNIPROT
5	rs751006626	POLR1C	1.0		missense variant	C4225305	LEUKODYSTROPHY, HYPOMYELINATING, 11			disease	Disease or Syndrome	0.7				UNIPROT
0	rs1350566881	FBXL4	1.0		missense variant	C3809592	FBXL4-related encephalomyopathic mitochondrial DNA depletion syndrome			disease	Disease or Syndrome	0.8	1.0	2013	2016	UNIPROT
1	rs1554215979	FBXL4	1.0		missense variant	C3809592	FBXL4-related encephalomyopathic mitochondrial DNA depletion syndrome			disease	Disease or Syndrome	0.8	1.0	2013	2016	UNIPROT
2	rs201989042	FBXL4	1.0		missense variant	C3809592	FBXL4-related encephalomyopathic mitochondrial DNA depletion syndrome			disease	Disease or Syndrome	0.8	1.0	2013	2016	UNIPROT
3	rs398123061	FBXL4	0.882	0.12	missense variant	C3809592	FBXL4-related encephalomyopathic mitochondrial DNA depletion syndrome			disease	Disease or Syndrome	0.8	1.0	2013	2017	UNIPROT
4	rs772037717	FBXL4	0.882	0.08	missense variant	C3809592	FBXL4-related encephalomyopathic mitochondrial DNA depletion syndrome			disease	Disease or Syndrome	0.8	1.0	2013	2019	UNIPROT
0	rs1554310600	TMEM106B	1.0		missense variant	C4693779	LEUKODYSTROPHY, HYPOMYELINATING, 16			disease	Disease or Syndrome	0.8	1.0	2017	2018	UNIPROT
0	rs72549407	FAM126A	1.0	0.16	missense variant	C1864663	HYPOMYELINATION AND CONGENITAL CATARACT	C16;C18;C11;C10	   Congenital, Hereditary, and Neonatal Diseases and Abnormalities;    Nutritional and Metabolic Diseases;    Eye Diseases;    Nervous System Diseases	disease	Disease or Syndrome; Congenital Abnormality	0.8	1.0	2006	2016	UNIPROT
0	rs61750420	PEX1	0.689	0.48	missense variant	C0282527	Infantile Refsum Disease (disorder)	C16;C18;C10	   Congenital, Hereditary, and Neonatal Diseases and Abnormalities;    Nutritional and Metabolic Diseases;    Nervous System Diseases	disease	Disease or Syndrome	0.81	1.0	1997	2016	UNIPROT
1	rs121434455	PEX1	0.882	0.36	missense variant	C0282527	Infantile Refsum Disease (disorder)	C16;C18;C10	   Congenital, Hereditary, and Neonatal Diseases and Abnormalities;    Nutritional and Metabolic Diseases;    Nervous System Diseases	disease	Disease or Syndrome	0.8	1.0	1997	2005	UNIPROT
2	rs121434455	PEX1	0.882	0.36	missense variant	C4721541	PEROXISOME BIOGENESIS DISORDER 1A (ZELLWEGER)	C16;C06;C18;C13;C12;C10	   Congenital, Hereditary, and Neonatal Diseases and Abnormalities;    Digestive System Diseases;    Nutritional and Metabolic Diseases;    Female Urogenital Diseases and Pregnancy Complications;    Male Urogenital Diseases;    Nervous System Diseases	disease	Disease or Syndrome	0.8	1.0	1997	2001	UNIPROT
3	rs370483961	PEX1	1.0	0.2	missense variant	C4551980	HEIMLER SYNDROME 1	C23;C16;C10;C07;C09	   Pathological Conditions, Signs and Symptoms;    Congenital, Hereditary, and Neonatal Diseases and Abnormalities;    Nervous System Diseases;    Stomatognathic Diseases;    Otorhinolaryngologic Diseases	disease	Disease or Syndrome	0.8	1.0	2015	2016	UNIPROT
4	rs61750420	PEX1	0.689	0.48	missense variant	C4721541	PEROXISOME BIOGENESIS DISORDER 1A (ZELLWEGER)	C16;C06;C18;C13;C12;C10	   Congenital, Hereditary, and Neonatal Diseases and Abnormalities;    Digestive System Diseases;    Nutritional and Metabolic Diseases;    Female Urogenital Diseases and Pregnancy Complications;    Male Urogenital Diseases;    Nervous System Diseases	disease	Disease or Syndrome	0.8	1.0	1997	2016	UNIPROT
5	rs61750427	PEX1;GATAD1	0.882	0.36	missense variant	C0282527	Infantile Refsum Disease (disorder)	C16;C18;C10	   Congenital, Hereditary, and Neonatal Diseases and Abnormalities;    Nutritional and Metabolic Diseases;    Nervous System Diseases	disease	Disease or Syndrome	0.8	1.0	1997	2005	UNIPROT
6	rs61750427	PEX1;GATAD1	0.882	0.36	missense variant	C4551980	HEIMLER SYNDROME 1	C23;C16;C10;C07;C09	   Pathological Conditions, Signs and Symptoms;    Congenital, Hereditary, and Neonatal Diseases and Abnormalities;    Nervous System Diseases;    Stomatognathic Diseases;    Otorhinolaryngologic Diseases	disease	Disease or Syndrome	0.8	1.0	2005	2016	UNIPROT
7	rs61750407	PEX1	1.0	0.24	missense variant	C4721541	PEROXISOME BIOGENESIS DISORDER 1A (ZELLWEGER)	C16;C06;C18;C13;C12;C10	   Congenital, Hereditary, and Neonatal Diseases and Abnormalities;    Digestive System Diseases;    Nutritional and Metabolic Diseases;    Female Urogenital Diseases and Pregnancy Complications;    Male Urogenital Diseases;    Nervous System Diseases	disease	Disease or Syndrome	0.7	1.0	2009	2009	UNIPROT
8	rs61750419	PEX1	1.0	0.24	missense variant	C4721541	PEROXISOME BIOGENESIS DISORDER 1A (ZELLWEGER)	C16;C06;C18;C13;C12;C10	   Congenital, Hereditary, and Neonatal Diseases and Abnormalities;    Digestive System Diseases;    Nutritional and Metabolic Diseases;    Female Urogenital Diseases and Pregnancy Complications;    Male Urogenital Diseases;    Nervous System Diseases	disease	Disease or Syndrome	0.7	1.0	2009	2009	UNIPROT
9	rs61750429	PEX1;GATAD1	1.0	0.12	missense variant	C0282527	Infantile Refsum Disease (disorder)	C16;C18;C10	   Congenital, Hereditary, and Neonatal Diseases and Abnormalities;    Nutritional and Metabolic Diseases;    Nervous System Diseases	disease	Disease or Syndrome	0.7	1.0	1997	2005	UNIPROT
10	rs863225084	PEX1	1.0	0.2	missense variant	C4551980	HEIMLER SYNDROME 1	C23;C16;C10;C07;C09	   Pathological Conditions, Signs and Symptoms;    Congenital, Hereditary, and Neonatal Diseases and Abnormalities;    Nervous System Diseases;    Stomatognathic Diseases;    Otorhinolaryngologic Diseases	disease	Disease or Syndrome	0.7	1.0	2015	2016	UNIPROT
0	rs776679653	ISCA1	0.827	0.2	missense variant	C4539919	MULTIPLE MITOCHONDRIAL DYSFUNCTIONS SYNDROME 5			disease	Disease or Syndrome	0.8	1.0	2017	2018	UNIPROT
0	rs121917905	ERCC6	1.0	0.16	missense variant	C0220722	Cerebrooculofacioskeletal Syndrome 1	C16;C18;C05;C10	   Congenital, Hereditary, and Neonatal Diseases and Abnormalities;    Nutritional and Metabolic Diseases;    Musculoskeletal Diseases;    Nervous System Diseases	disease	Congenital Abnormality	0.8	1.0	2010.0	2010.0	UNIPROT
1	rs202080674	ERCC6	0.851	0.16	missense variant	C0751038	Cockayne Syndrome, Type II	C16;C18;C05;C10	   Congenital, Hereditary, and Neonatal Diseases and Abnormalities;    Nutritional and Metabolic Diseases;    Musculoskeletal Diseases;    Nervous System Diseases	disease	Disease or Syndrome	0.8	1.0	1998.0	2017.0	UNIPROT
2	rs368728467	ERCC6	1.0	0.16	missense variant	C0751038	Cockayne Syndrome, Type II	C16;C18;C05;C10	   Congenital, Hereditary, and Neonatal Diseases and Abnormalities;    Nutritional and Metabolic Diseases;    Musculoskeletal Diseases;    Nervous System Diseases	disease	Disease or Syndrome	0.8	1.0	1998.0	2017.0	UNIPROT
3	rs751292948	ERCC6	1.0	0.16	stop gained	C0751038	Cockayne Syndrome, Type II	C16;C18;C05;C10	   Congenital, Hereditary, and Neonatal Diseases and Abnormalities;    Nutritional and Metabolic Diseases;    Musculoskeletal Diseases;    Nervous System Diseases	disease	Disease or Syndrome	0.8	1.0	1998.0	2017.0	UNIPROT
4	rs1184760254	ERCC6	1.0	0.08	missense variant	C0009402	Colorectal Carcinoma	C06;C04	   Digestive System Diseases;    Neoplasms	disease	Neoplastic Process	0.7				UNIPROT
5	rs1365187961	ERCC6	1.0	0.08	missense variant	C0009402	Colorectal Carcinoma	C06;C04	   Digestive System Diseases;    Neoplasms	disease	Neoplastic Process	0.7				UNIPROT
6	rs1554788393	ERCC6	0.882	0.24	missense variant	C0751038	Cockayne Syndrome, Type II	C16;C18;C05;C10	   Congenital, Hereditary, and Neonatal Diseases and Abnormalities;    Nutritional and Metabolic Diseases;    Musculoskeletal Diseases;    Nervous System Diseases	disease	Disease or Syndrome	0.7	1.0	1998.0	2017.0	UNIPROT
0	rs121918103	PSAP	1.0	0.12	missense variant	C0268262	Metachromatic Leukodystrophy due to Saposin B Deficiency	C16;C18;C10	   Congenital, Hereditary, and Neonatal Diseases and Abnormalities;    Nutritional and Metabolic Diseases;    Nervous System Diseases	disease	Disease or Syndrome	0.8	1.0	1990	2000	UNIPROT
1	rs121918104	PSAP	0.925	0.12	missense variant	C0268262	Metachromatic Leukodystrophy due to Saposin B Deficiency	C16;C18;C10	   Congenital, Hereditary, and Neonatal Diseases and Abnormalities;    Nutritional and Metabolic Diseases;    Nervous System Diseases	disease	Disease or Syndrome	0.8	1.0	1990	2000	UNIPROT
2	rs121918107	PSAP	1.0	0.12	missense variant	C0268262	Metachromatic Leukodystrophy due to Saposin B Deficiency	C16;C18;C10	   Congenital, Hereditary, and Neonatal Diseases and Abnormalities;    Nutritional and Metabolic Diseases;    Nervous System Diseases	disease	Disease or Syndrome	0.8	1.0	1990	2000	UNIPROT
3	rs121918110	PSAP	1.0	0.12	missense variant	C1864651	GAUCHER DISEASE, ATYPICAL, DUE TO SAPOSIN C DEFICIENCY	C16;C18;C10	   Congenital, Hereditary, and Neonatal Diseases and Abnormalities;    Nutritional and Metabolic Diseases;    Nervous System Diseases	disease	Disease or Syndrome	0.8	1.0	1991	2007	UNIPROT
4	rs770171865	PSAP	0.925	0.12	missense variant	C0268262	Metachromatic Leukodystrophy due to Saposin B Deficiency	C16;C18;C10	   Congenital, Hereditary, and Neonatal Diseases and Abnormalities;    Nutritional and Metabolic Diseases;    Nervous System Diseases	disease	Disease or Syndrome	0.7	1.0	1990	2000	UNIPROT
0	rs138305578	POLR3A	1.0	0.16	missense variant	C0406586	Wiedemann-Rautenstrauch syndrome	C23;C16;C18;C13	   Pathological Conditions, Signs and Symptoms;    Congenital, Hereditary, and Neonatal Diseases and Abnormalities;    Nutritional and Metabolic Diseases;    Female Urogenital Diseases and Pregnancy Complications	disease	Disease or Syndrome	0.8				UNIPROT
1	rs1399429058	POLR3A	1.0	0.16	missense variant	C0406586	Wiedemann-Rautenstrauch syndrome	C23;C16;C18;C13	   Pathological Conditions, Signs and Symptoms;    Congenital, Hereditary, and Neonatal Diseases and Abnormalities;    Nutritional and Metabolic Diseases;    Female Urogenital Diseases and Pregnancy Complications	disease	Disease or Syndrome	0.8	1.0	2016.0	2018.0	UNIPROT
2	rs267608671	POLR3A	1.0	0.2	missense variant	C2676243	Leukodystrophy, Hypomyelinating, with Hypodontia and Hypogonadotropic Hypogonadism	C23;C16;C10;C19;C07	   Pathological Conditions, Signs and Symptoms;    Congenital, Hereditary, and Neonatal Diseases and Abnormalities;    Nervous System Diseases;    Endocrine System Diseases;    Stomatognathic Diseases	disease	Disease or Syndrome	0.8				UNIPROT
3	rs757209071	POLR3A	1.0	0.16	missense variant	C0406586	Wiedemann-Rautenstrauch syndrome	C23;C16;C18;C13	   Pathological Conditions, Signs and Symptoms;    Congenital, Hereditary, and Neonatal Diseases and Abnormalities;    Nutritional and Metabolic Diseases;    Female Urogenital Diseases and Pregnancy Complications	disease	Disease or Syndrome	0.8	1.0	2016.0	2018.0	UNIPROT
4	rs768222183	POLR3A	1.0	0.16	missense variant	C0406586	Wiedemann-Rautenstrauch syndrome	C23;C16;C18;C13	   Pathological Conditions, Signs and Symptoms;    Congenital, Hereditary, and Neonatal Diseases and Abnormalities;    Nutritional and Metabolic Diseases;    Female Urogenital Diseases and Pregnancy Complications	disease	Disease or Syndrome	0.8	1.0	2016.0	2018.0	UNIPROT
5	rs778985686	POLR3A	1.0	0.16	missense variant	C0406586	Wiedemann-Rautenstrauch syndrome	C23;C16;C18;C13	   Pathological Conditions, Signs and Symptoms;    Congenital, Hereditary, and Neonatal Diseases and Abnormalities;    Nutritional and Metabolic Diseases;    Female Urogenital Diseases and Pregnancy Complications	disease	Disease or Syndrome	0.8	1.0	2016.0	2018.0	UNIPROT
6	rs1217230904	POLR3A	1.0	0.2	missense variant	C2676243	Leukodystrophy, Hypomyelinating, with Hypodontia and Hypogonadotropic Hypogonadism	C23;C16;C10;C19;C07	   Pathological Conditions, Signs and Symptoms;    Congenital, Hereditary, and Neonatal Diseases and Abnormalities;    Nervous System Diseases;    Endocrine System Diseases;    Stomatognathic Diseases	disease	Disease or Syndrome	0.7	1.0	2011.0	2014.0	UNIPROT
7	rs1307896663	POLR3A	1.0	0.2	missense variant	C2676243	Leukodystrophy, Hypomyelinating, with Hypodontia and Hypogonadotropic Hypogonadism	C23;C16;C10;C19;C07	   Pathological Conditions, Signs and Symptoms;    Congenital, Hereditary, and Neonatal Diseases and Abnormalities;    Nervous System Diseases;    Endocrine System Diseases;    Stomatognathic Diseases	disease	Disease or Syndrome	0.7				UNIPROT
8	rs1375717376	POLR3A	1.0	0.2	missense variant	C2676243	Leukodystrophy, Hypomyelinating, with Hypodontia and Hypogonadotropic Hypogonadism	C23;C16;C10;C19;C07	   Pathological Conditions, Signs and Symptoms;    Congenital, Hereditary, and Neonatal Diseases and Abnormalities;    Nervous System Diseases;    Endocrine System Diseases;    Stomatognathic Diseases	disease	Disease or Syndrome	0.7				UNIPROT
9	rs371703979	POLR3A	1.0	0.2	missense variant	C2676243	Leukodystrophy, Hypomyelinating, with Hypodontia and Hypogonadotropic Hypogonadism	C23;C16;C10;C19;C07	   Pathological Conditions, Signs and Symptoms;    Congenital, Hereditary, and Neonatal Diseases and Abnormalities;    Nervous System Diseases;    Endocrine System Diseases;    Stomatognathic Diseases	disease	Disease or Syndrome	0.7	1.0	2011.0	2014.0	UNIPROT
10	rs762708292	POLR3A	1.0	0.2	missense variant	C2676243	Leukodystrophy, Hypomyelinating, with Hypodontia and Hypogonadotropic Hypogonadism	C23;C16;C10;C19;C07	   Pathological Conditions, Signs and Symptoms;    Congenital, Hereditary, and Neonatal Diseases and Abnormalities;    Nervous System Diseases;    Endocrine System Diseases;    Stomatognathic Diseases	disease	Disease or Syndrome	0.7	1.0	2011.0	2014.0	UNIPROT
0	rs397514472	PEX16	1.0	0.08	missense variant	C3553960	PEROXISOME BIOGENESIS DISORDER 8B	C16;C18	   Congenital, Hereditary, and Neonatal Diseases and Abnormalities;    Nutritional and Metabolic Diseases	disease	Disease or Syndrome	0.8	1.0	2010	2010	UNIPROT
0	rs1258494752	PC	1.0	0.12	missense variant	C0034341	Pyruvate Carboxylase Deficiency Disease	C16;C18;C10	   Congenital, Hereditary, and Neonatal Diseases and Abnormalities;    Nutritional and Metabolic Diseases;    Nervous System Diseases	disease	Disease or Syndrome	0.7				UNIPROT
0	rs1554988032	ACER3	0.925	0.12	missense variant	C4540358	LEUKODYSTROPHY, PROGRESSIVE, EARLY CHILDHOOD-ONSET			disease	Disease or Syndrome	0.7	1.0	2016	2018	UNIPROT
0	rs202003795	HIKESHI	1.0		missense variant	C4225170	LEUKODYSTROPHY, HYPOMYELINATING, 13			disease	Disease or Syndrome	0.8	1.0	2016	2016	UNIPROT
0	rs1442212683	POLR3B	1.0		missense variant	C3280644	LEUKODYSTROPHY, HYPOMYELINATING, 8, WITH OR WITHOUT OLIGODONTIA AND/OR HYPOGONADOTROPIC HYPOGONADISM			disease	Disease or Syndrome	0.7	1.0	2011	2013	UNIPROT
0	rs1033946108	UFM1	1.0		missense variant	C4693535	LEUKODYSTROPHY, HYPOMYELINATING, 14			disease	Disease or Syndrome	0.8	1.0	2017	2018	UNIPROT
0	rs397515440	NUBPL	1.0		missense variant	C4748792	MITOCHONDRIAL COMPLEX I DEFICIENCY, NUCLEAR TYPE 21			disease	Disease or Syndrome	0.8	1.0	2010	2013	UNIPROT
1	rs552722349	NUBPL	1.0		missense variant	C4748792	MITOCHONDRIAL COMPLEX I DEFICIENCY, NUCLEAR TYPE 21			disease	Disease or Syndrome	0.8	1.0	2010	2013	UNIPROT
0	rs765487627	GLRX5	1.0		missense variant	C4225155	ANEMIA, SIDEROBLASTIC, 3, PYRIDOXINE-REFRACTORY			disease	Disease or Syndrome	0.8				UNIPROT
1	rs869312752	GLRX5	1.0		missense variant	C4225155	ANEMIA, SIDEROBLASTIC, 3, PYRIDOXINE-REFRACTORY			disease	Disease or Syndrome	0.8				UNIPROT
0	rs121434578	ABAT	1.0	0.08	missense variant	C0342708	Gamma aminobutyric acid transaminase deficiency	C16;C18	   Congenital, Hereditary, and Neonatal Diseases and Abnormalities;    Nutritional and Metabolic Diseases	disease	Disease or Syndrome	0.8	1.0	1999	2013	UNIPROT
0	rs387907039	FA2H	1.0	0.08	missense variant	C3496228	Leukodystrophy, Dysmyelinating, And Spastic Paraparesis With Or Without Dystonia	C16;C10	   Congenital, Hereditary, and Neonatal Diseases and Abnormalities;    Nervous System Diseases	disease	Disease or Syndrome	0.81	1.0	2008	2010	UNIPROT
1	rs121918217	FA2H	1.0	0.08	missense variant	C3496228	Leukodystrophy, Dysmyelinating, And Spastic Paraparesis With Or Without Dystonia	C16;C10	   Congenital, Hereditary, and Neonatal Diseases and Abnormalities;    Nervous System Diseases	disease	Disease or Syndrome	0.8	1.0	2008	2010	UNIPROT
2	rs387907040	FA2H	1.0	0.08	missense variant	C3496228	Leukodystrophy, Dysmyelinating, And Spastic Paraparesis With Or Without Dystonia	C16;C10	   Congenital, Hereditary, and Neonatal Diseases and Abnormalities;    Nervous System Diseases	disease	Disease or Syndrome	0.8	1.0	2008	2010	UNIPROT
0	rs199473673	CTC1	1.0	0.28	missense variant	C4552029	CEREBRORETINAL MICROANGIOPATHY WITH CALCIFICATIONS AND CYSTS 1	C23;C16;C04;C18;C11;C05;C10	   Pathological Conditions, Signs and Symptoms;    Congenital, Hereditary, and Neonatal Diseases and Abnormalities;    Neoplasms;    Nutritional and Metabolic Diseases;    Eye Diseases;    Musculoskeletal Diseases;    Nervous System Diseases	disease	Disease or Syndrome	0.8	1.0	2012.0	2012.0	UNIPROT
1	rs199473676	CTC1	1.0	0.28	missense variant	C4552029	CEREBRORETINAL MICROANGIOPATHY WITH CALCIFICATIONS AND CYSTS 1	C23;C16;C04;C18;C11;C05;C10	   Pathological Conditions, Signs and Symptoms;    Congenital, Hereditary, and Neonatal Diseases and Abnormalities;    Neoplasms;    Nutritional and Metabolic Diseases;    Eye Diseases;    Musculoskeletal Diseases;    Nervous System Diseases	disease	Disease or Syndrome	0.8	1.0	2012.0	2012.0	UNIPROT
2	rs199473678	CTC1	1.0	0.28	missense variant	C4552029	CEREBRORETINAL MICROANGIOPATHY WITH CALCIFICATIONS AND CYSTS 1	C23;C16;C04;C18;C11;C05;C10	   Pathological Conditions, Signs and Symptoms;    Congenital, Hereditary, and Neonatal Diseases and Abnormalities;    Neoplasms;    Nutritional and Metabolic Diseases;    Eye Diseases;    Musculoskeletal Diseases;    Nervous System Diseases	disease	Disease or Syndrome	0.8	1.0	2012.0	2018.0	UNIPROT
3	rs202138550	CTC1	0.925	0.36	missense variant	C4552029	CEREBRORETINAL MICROANGIOPATHY WITH CALCIFICATIONS AND CYSTS 1	C23;C16;C04;C18;C11;C05;C10	   Pathological Conditions, Signs and Symptoms;    Congenital, Hereditary, and Neonatal Diseases and Abnormalities;    Neoplasms;    Nutritional and Metabolic Diseases;    Eye Diseases;    Musculoskeletal Diseases;    Nervous System Diseases	disease	Disease or Syndrome	0.8				UNIPROT
4	rs369255297	CTC1	1.0	0.28	missense variant	C4552029	CEREBRORETINAL MICROANGIOPATHY WITH CALCIFICATIONS AND CYSTS 1	C23;C16;C04;C18;C11;C05;C10	   Pathological Conditions, Signs and Symptoms;    Congenital, Hereditary, and Neonatal Diseases and Abnormalities;    Neoplasms;    Nutritional and Metabolic Diseases;    Eye Diseases;    Musculoskeletal Diseases;    Nervous System Diseases	disease	Disease or Syndrome	0.8	1.0	2012.0	2012.0	UNIPROT
5	rs373905859	CTC1	1.0	0.28	missense variant	C4552029	CEREBRORETINAL MICROANGIOPATHY WITH CALCIFICATIONS AND CYSTS 1	C23;C16;C04;C18;C11;C05;C10	   Pathological Conditions, Signs and Symptoms;    Congenital, Hereditary, and Neonatal Diseases and Abnormalities;    Neoplasms;    Nutritional and Metabolic Diseases;    Eye Diseases;    Musculoskeletal Diseases;    Nervous System Diseases	disease	Disease or Syndrome	0.8	1.0	2012.0	2012.0	UNIPROT
6	rs387907080	CTC1	0.925	0.36	missense variant	C4552029	CEREBRORETINAL MICROANGIOPATHY WITH CALCIFICATIONS AND CYSTS 1	C23;C16;C04;C18;C11;C05;C10	   Pathological Conditions, Signs and Symptoms;    Congenital, Hereditary, and Neonatal Diseases and Abnormalities;    Neoplasms;    Nutritional and Metabolic Diseases;    Eye Diseases;    Musculoskeletal Diseases;    Nervous System Diseases	disease	Disease or Syndrome	0.8	1.0	2012.0	2012.0	UNIPROT
7	rs1320809462	CTC1	1.0	0.28	missense variant	C4552029	CEREBRORETINAL MICROANGIOPATHY WITH CALCIFICATIONS AND CYSTS 1	C23;C16;C04;C18;C11;C05;C10	   Pathological Conditions, Signs and Symptoms;    Congenital, Hereditary, and Neonatal Diseases and Abnormalities;    Neoplasms;    Nutritional and Metabolic Diseases;    Eye Diseases;    Musculoskeletal Diseases;    Nervous System Diseases	disease	Disease or Syndrome	0.7	1.0	2012.0	2012.0	UNIPROT
8	rs199473681	CTC1	1.0	0.28	missense variant	C4552029	CEREBRORETINAL MICROANGIOPATHY WITH CALCIFICATIONS AND CYSTS 1	C23;C16;C04;C18;C11;C05;C10	   Pathological Conditions, Signs and Symptoms;    Congenital, Hereditary, and Neonatal Diseases and Abnormalities;    Neoplasms;    Nutritional and Metabolic Diseases;    Eye Diseases;    Musculoskeletal Diseases;    Nervous System Diseases	disease	Disease or Syndrome	0.7	1.0	2012.0	2012.0	UNIPROT
0	rs761805324	CNTNAP1	1.0		missense variant	C4748608	NEUROPATHY, CONGENITAL HYPOMYELINATING, 3			disease	Disease or Syndrome	0.8	1.0	2016	2018	UNIPROT
1	rs779027563	CNTNAP1	0.677	0.36	missense variant	C4748608	NEUROPATHY, CONGENITAL HYPOMYELINATING, 3			disease	Disease or Syndrome	0.8	1.0	2016	2018	UNIPROT
2	rs768554986	CNTNAP1	0.925		missense variant	C4225386	LETHAL CONGENITAL CONTRACTURE SYNDROME 7			disease	Disease or Syndrome	0.7	1.0	2014	2017	UNIPROT
0	rs118204090	ACOX1	1.0	0.16	missense variant	C1849678	Peroxisomal ACYL-COA oxidase deficiency	C16;C18;C10;C19	   Congenital, Hereditary, and Neonatal Diseases and Abnormalities;    Nutritional and Metabolic Diseases;    Nervous System Diseases;    Endocrine System Diseases	disease	Disease or Syndrome	0.8				UNIPROT
1	rs118204091	ACOX1	1.0	0.16	missense variant	C1849678	Peroxisomal ACYL-COA oxidase deficiency	C16;C18;C10;C19	   Congenital, Hereditary, and Neonatal Diseases and Abnormalities;    Nutritional and Metabolic Diseases;    Nervous System Diseases;    Endocrine System Diseases	disease	Disease or Syndrome	0.8				UNIPROT
2	rs118204092	ACOX1	1.0	0.16	missense variant	C1849678	Peroxisomal ACYL-COA oxidase deficiency	C16;C18;C10;C19	   Congenital, Hereditary, and Neonatal Diseases and Abnormalities;    Nutritional and Metabolic Diseases;    Nervous System Diseases;    Endocrine System Diseases	disease	Disease or Syndrome	0.8				UNIPROT
3	rs758962364	ACOX1	1.0	0.16	missense variant	C1849678	Peroxisomal ACYL-COA oxidase deficiency	C16;C18;C10;C19	   Congenital, Hereditary, and Neonatal Diseases and Abnormalities;    Nutritional and Metabolic Diseases;    Nervous System Diseases;    Endocrine System Diseases	disease	Disease or Syndrome	0.7				UNIPROT
4	rs780887410	ACOX1	1.0	0.16	missense variant	C1849678	Peroxisomal ACYL-COA oxidase deficiency	C16;C18;C10;C19	   Congenital, Hereditary, and Neonatal Diseases and Abnormalities;    Nutritional and Metabolic Diseases;    Nervous System Diseases;    Endocrine System Diseases	disease	Disease or Syndrome	0.7				UNIPROT
0	rs587776983	TUBB4A	0.807	0.24	missense variant	C1851943	DYSTONIA 4, TORSION, AUTOSOMAL DOMINANT (disorder)	C16;C10	   Congenital, Hereditary, and Neonatal Diseases and Abnormalities;    Nervous System Diseases	disease	Disease or Syndrome	0.81	1.0	2017	2017	UNIPROT
1	rs483352809	TUBB4A	0.882	0.12	missense variant	C2676244	Leukodystrophy, Hypomyelinating, 6	C16;C18;C10	   Congenital, Hereditary, and Neonatal Diseases and Abnormalities;    Nutritional and Metabolic Diseases;    Nervous System Diseases	disease	Disease or Syndrome	0.8	1.0	2013	2014	UNIPROT
0	rs75037667	RNASEH2A;HOOK2	1.0	0.12	missense variant	C1835912	AICARDI-GOUTIERES SYNDROME 4	C16;C20;C10	   Congenital, Hereditary, and Neonatal Diseases and Abnormalities;    Immune System Diseases;    Nervous System Diseases	disease	Disease or Syndrome	0.8	1.0	2006	2010	UNIPROT
1	rs76436818	RNASEH2A;HOOK2	1.0	0.12	missense variant	C1835912	AICARDI-GOUTIERES SYNDROME 4	C16;C20;C10	   Congenital, Hereditary, and Neonatal Diseases and Abnormalities;    Immune System Diseases;    Nervous System Diseases	disease	Disease or Syndrome	0.8	1.0	2006	2010	UNIPROT
2	rs76857106	RNASEH2A;HOOK2	1.0	0.12	missense variant	C1835912	AICARDI-GOUTIERES SYNDROME 4	C16;C20;C10	   Congenital, Hereditary, and Neonatal Diseases and Abnormalities;    Immune System Diseases;    Nervous System Diseases	disease	Disease or Syndrome	0.8	1.0	2006	2010	UNIPROT
3	rs77103971	RNASEH2A;HOOK2	0.925	0.12	missense variant	C1835912	AICARDI-GOUTIERES SYNDROME 4	C16;C20;C10	   Congenital, Hereditary, and Neonatal Diseases and Abnormalities;    Immune System Diseases;    Nervous System Diseases	disease	Disease or Syndrome	0.8	1.0	2006	2010	UNIPROT
4	rs79767407	RNASEH2A;HOOK2	1.0	0.12	missense variant	C1835912	AICARDI-GOUTIERES SYNDROME 4	C16;C20;C10	   Congenital, Hereditary, and Neonatal Diseases and Abnormalities;    Immune System Diseases;    Nervous System Diseases	disease	Disease or Syndrome	0.8	1.0	2006	2010	UNIPROT
0	rs121909602	COX6B1	1.0	0.08	missense variant	C0268237	Cytochrome-c Oxidase Deficiency	C16;C18	   Congenital, Hereditary, and Neonatal Diseases and Abnormalities;    Nutritional and Metabolic Diseases	disease	Disease or Syndrome; Congenital Abnormality	0.8	1.0	2008	2008	UNIPROT
0	rs201201843	PLEKHG2	0.925	0.16	missense variant	C4225213	LEUKODYSTROPHY AND ACQUIRED MICROCEPHALY WITH OR WITHOUT DYSTONIA			disease	Disease or Syndrome	0.8	1.0	2016	2016	UNIPROT
0	rs121912420	SERPIND1;PI4KA	1.0	0.04	missense variant	C0398626	Heparin cofactor II deficiency (disorder)	C14	   Cardiovascular Diseases	disease	Disease or Syndrome	0.8	1.0	1989.0	2004.0	UNIPROT
1	rs5907	SERPIND1;PI4KA	1.0	0.04	missense variant	C0398626	Heparin cofactor II deficiency (disorder)	C14	   Cardiovascular Diseases	disease	Disease or Syndrome	0.8	1.0	1989.0	2004.0	UNIPROT
2	rs747119727	PI4KA	1.0		missense variant	C4225295	POLYMICROGYRIA, PERISYLVIAN, WITH CEREBELLAR HYPOPLASIA AND ARTHROGRYPOSIS			disease	Disease or Syndrome	0.8				UNIPROT
3	rs142451096	SERPIND1;PI4KA	1.0	0.04	missense variant	C0398626	Heparin cofactor II deficiency (disorder)	C14	   Cardiovascular Diseases	disease	Disease or Syndrome	0.7	1.0	1989.0	2004.0	UNIPROT
0	rs121909117	POLR2F;SOX10	1.0	0.08	missense variant	C2750452	Waardenburg Syndrome, Type 4c	C16;C06	   Congenital, Hereditary, and Neonatal Diseases and Abnormalities;    Digestive System Diseases	disease	Disease or Syndrome	0.8	1.0	1998	2011	UNIPROT
1	rs267607081	POLR2F;SOX10	1.0	0.12	missense variant	C1836727	Peripheral Demyelinating Neuropathy, Central Dysmyelination, Waardenburg Syndrome, and Hirschsprung Disease	C16;C06;C10	   Congenital, Hereditary, and Neonatal Diseases and Abnormalities;    Digestive System Diseases;    Nervous System Diseases	disease	Disease or Syndrome	0.7	1.0	2000	2011	UNIPROT
2	rs74315515	POLR2F;SOX10	0.925	0.24	missense variant	C2700405	WAARDENBURG SYNDROME, TYPE IIE	C16	   Congenital, Hereditary, and Neonatal Diseases and Abnormalities	disease	Disease or Syndrome	0.7	1.0	1999	2011	UNIPROT
3	rs750566714	POLR2F;SOX10	1.0	0.04	missense variant	C2700405	WAARDENBURG SYNDROME, TYPE IIE	C16	   Congenital, Hereditary, and Neonatal Diseases and Abnormalities	disease	Disease or Syndrome	0.7	1.0	1999	2011	UNIPROT
0	rs148092995	ARSA	1.0	0.12	missense variant	C0023522	Leukodystrophy, Metachromatic	C16;C18;C10	   Congenital, Hereditary, and Neonatal Diseases and Abnormalities;    Nutritional and Metabolic Diseases;    Nervous System Diseases	disease	Disease or Syndrome	0.8	1.0	2003.0	2017.0	UNIPROT
1	rs199476359	ARSA	1.0	0.12	missense variant	C0023522	Leukodystrophy, Metachromatic	C16;C18;C10	   Congenital, Hereditary, and Neonatal Diseases and Abnormalities;    Nutritional and Metabolic Diseases;    Nervous System Diseases	disease	Disease or Syndrome	0.8				UNIPROT
2	rs199476366	ARSA	1.0	0.12	missense variant	C0023522	Leukodystrophy, Metachromatic	C16;C18;C10	   Congenital, Hereditary, and Neonatal Diseases and Abnormalities;    Nutritional and Metabolic Diseases;    Nervous System Diseases	disease	Disease or Syndrome	0.8	1.0	1997.0	2016.0	UNIPROT
3	rs199476382	ARSA	1.0	0.12	missense variant	C0023522	Leukodystrophy, Metachromatic	C16;C18;C10	   Congenital, Hereditary, and Neonatal Diseases and Abnormalities;    Nutritional and Metabolic Diseases;    Nervous System Diseases	disease	Disease or Syndrome	0.8	1.0	1995.0	2017.0	UNIPROT
4	rs74315459	ARSA	0.925	0.12	missense variant	C0023522	Leukodystrophy, Metachromatic	C16;C18;C10	   Congenital, Hereditary, and Neonatal Diseases and Abnormalities;    Nutritional and Metabolic Diseases;    Nervous System Diseases	disease	Disease or Syndrome	0.8	1.0	1993.0	2016.0	UNIPROT
5	rs74315471	ARSA	0.925	0.12	missense variant	C0023522	Leukodystrophy, Metachromatic	C16;C18;C10	   Congenital, Hereditary, and Neonatal Diseases and Abnormalities;    Nutritional and Metabolic Diseases;    Nervous System Diseases	disease	Disease or Syndrome	0.8	1.0	1993.0	2017.0	UNIPROT
6	rs74315480	ARSA	1.0	0.12	missense variant	C0023522	Leukodystrophy, Metachromatic	C16;C18;C10	   Congenital, Hereditary, and Neonatal Diseases and Abnormalities;    Nutritional and Metabolic Diseases;    Nervous System Diseases	disease	Disease or Syndrome	0.8	1.0	1995.0	2011.0	UNIPROT
7	rs74315483	ARSA	0.925	0.12	missense variant	C0023522	Leukodystrophy, Metachromatic	C16;C18;C10	   Congenital, Hereditary, and Neonatal Diseases and Abnormalities;    Nutritional and Metabolic Diseases;    Nervous System Diseases	disease	Disease or Syndrome	0.8	1.0	2002.0	2008.0	UNIPROT
8	rs199476357	ARSA	1.0	0.12	missense variant	C0023522	Leukodystrophy, Metachromatic	C16;C18;C10	   Congenital, Hereditary, and Neonatal Diseases and Abnormalities;    Nutritional and Metabolic Diseases;    Nervous System Diseases	disease	Disease or Syndrome	0.71	1.0	2006.0	2006.0	UNIPROT
9	rs199476361	ARSA	1.0	0.12	missense variant	C0023522	Leukodystrophy, Metachromatic	C16;C18;C10	   Congenital, Hereditary, and Neonatal Diseases and Abnormalities;    Nutritional and Metabolic Diseases;    Nervous System Diseases	disease	Disease or Syndrome	0.71	1.0	2006.0	2006.0	UNIPROT
10	rs199476374	ARSA	1.0	0.12	missense variant	C0023522	Leukodystrophy, Metachromatic	C16;C18;C10	   Congenital, Hereditary, and Neonatal Diseases and Abnormalities;    Nutritional and Metabolic Diseases;    Nervous System Diseases	disease	Disease or Syndrome	0.71	1.0	1999.0	1999.0	UNIPROT
11	rs199476383	ARSA	1.0	0.12	missense variant	C0023522	Leukodystrophy, Metachromatic	C16;C18;C10	   Congenital, Hereditary, and Neonatal Diseases and Abnormalities;    Nutritional and Metabolic Diseases;    Nervous System Diseases	disease	Disease or Syndrome	0.71	1.0	2005.0	2005.0	UNIPROT
12	rs199476385	ARSA	1.0	0.12	missense variant	C0023522	Leukodystrophy, Metachromatic	C16;C18;C10	   Congenital, Hereditary, and Neonatal Diseases and Abnormalities;    Nutritional and Metabolic Diseases;    Nervous System Diseases	disease	Disease or Syndrome	0.71	1.0	2003.0	2003.0	UNIPROT
13	rs199476390	ARSA	1.0	0.12	missense variant	C0023522	Leukodystrophy, Metachromatic	C16;C18;C10	   Congenital, Hereditary, and Neonatal Diseases and Abnormalities;    Nutritional and Metabolic Diseases;    Nervous System Diseases	disease	Disease or Syndrome	0.71	1.0	2000.0	2000.0	UNIPROT
14	rs28940895	ARSA	0.925	0.12	missense variant	C0023522	Leukodystrophy, Metachromatic	C16;C18;C10	   Congenital, Hereditary, and Neonatal Diseases and Abnormalities;    Nutritional and Metabolic Diseases;    Nervous System Diseases	disease	Disease or Syndrome	0.71	1.0	2001.0	2001.0	UNIPROT
15	rs60504011	ARSA	1.0	0.12	missense variant	C0023522	Leukodystrophy, Metachromatic	C16;C18;C10	   Congenital, Hereditary, and Neonatal Diseases and Abnormalities;    Nutritional and Metabolic Diseases;    Nervous System Diseases	disease	Disease or Syndrome	0.71	1.0	2003.0	2003.0	UNIPROT
16	rs6151425	ARSA	0.925	0.16	missense variant	C0023522	Leukodystrophy, Metachromatic	C16;C18;C10	   Congenital, Hereditary, and Neonatal Diseases and Abnormalities;    Nutritional and Metabolic Diseases;    Nervous System Diseases	disease	Disease or Syndrome	0.71	1.0	2003.0	2003.0	UNIPROT
17	rs121434215	ARSA	0.925	0.12	missense variant	C0023522	Leukodystrophy, Metachromatic	C16;C18;C10	   Congenital, Hereditary, and Neonatal Diseases and Abnormalities;    Nutritional and Metabolic Diseases;    Nervous System Diseases	disease	Disease or Syndrome	0.7				UNIPROT
18	rs148403406	ARSA	1.0	0.12	missense variant	C0023522	Leukodystrophy, Metachromatic	C16;C18;C10	   Congenital, Hereditary, and Neonatal Diseases and Abnormalities;    Nutritional and Metabolic Diseases;    Nervous System Diseases	disease	Disease or Syndrome	0.7				UNIPROT
19	rs199476339	ARSA	1.0	0.12	missense variant	C0023522	Leukodystrophy, Metachromatic	C16;C18;C10	   Congenital, Hereditary, and Neonatal Diseases and Abnormalities;    Nutritional and Metabolic Diseases;    Nervous System Diseases	disease	Disease or Syndrome	0.7				UNIPROT
20	rs199476340	ARSA	1.0	0.12	missense variant	C0023522	Leukodystrophy, Metachromatic	C16;C18;C10	   Congenital, Hereditary, and Neonatal Diseases and Abnormalities;    Nutritional and Metabolic Diseases;    Nervous System Diseases	disease	Disease or Syndrome	0.7				UNIPROT
21	rs199476341	ARSA	1.0	0.12	missense variant	C0023522	Leukodystrophy, Metachromatic	C16;C18;C10	   Congenital, Hereditary, and Neonatal Diseases and Abnormalities;    Nutritional and Metabolic Diseases;    Nervous System Diseases	disease	Disease or Syndrome	0.7				UNIPROT
22	rs199476342	ARSA	1.0	0.12	missense variant	C0023522	Leukodystrophy, Metachromatic	C16;C18;C10	   Congenital, Hereditary, and Neonatal Diseases and Abnormalities;    Nutritional and Metabolic Diseases;    Nervous System Diseases	disease	Disease or Syndrome	0.7				UNIPROT
23	rs199476343	ARSA	1.0	0.12	missense variant	C0023522	Leukodystrophy, Metachromatic	C16;C18;C10	   Congenital, Hereditary, and Neonatal Diseases and Abnormalities;    Nutritional and Metabolic Diseases;    Nervous System Diseases	disease	Disease or Syndrome	0.7				UNIPROT
24	rs199476344	ARSA	1.0	0.12	missense variant	C0023522	Leukodystrophy, Metachromatic	C16;C18;C10	   Congenital, Hereditary, and Neonatal Diseases and Abnormalities;    Nutritional and Metabolic Diseases;    Nervous System Diseases	disease	Disease or Syndrome	0.7				UNIPROT
25	rs199476346	ARSA	1.0	0.12	missense variant	C0023522	Leukodystrophy, Metachromatic	C16;C18;C10	   Congenital, Hereditary, and Neonatal Diseases and Abnormalities;    Nutritional and Metabolic Diseases;    Nervous System Diseases	disease	Disease or Syndrome	0.7				UNIPROT
26	rs199476347	ARSA	1.0	0.12	missense variant	C0023522	Leukodystrophy, Metachromatic	C16;C18;C10	   Congenital, Hereditary, and Neonatal Diseases and Abnormalities;    Nutritional and Metabolic Diseases;    Nervous System Diseases	disease	Disease or Syndrome	0.7				UNIPROT
27	rs199476348	ARSA	1.0	0.12	missense variant	C0023522	Leukodystrophy, Metachromatic	C16;C18;C10	   Congenital, Hereditary, and Neonatal Diseases and Abnormalities;    Nutritional and Metabolic Diseases;    Nervous System Diseases	disease	Disease or Syndrome	0.7				UNIPROT
28	rs199476350	ARSA	1.0	0.12	missense variant	C0023522	Leukodystrophy, Metachromatic	C16;C18;C10	   Congenital, Hereditary, and Neonatal Diseases and Abnormalities;    Nutritional and Metabolic Diseases;    Nervous System Diseases	disease	Disease or Syndrome	0.7				UNIPROT
29	rs199476351	ARSA	1.0	0.12	missense variant	C0023522	Leukodystrophy, Metachromatic	C16;C18;C10	   Congenital, Hereditary, and Neonatal Diseases and Abnormalities;    Nutritional and Metabolic Diseases;    Nervous System Diseases	disease	Disease or Syndrome	0.7				UNIPROT
30	rs199476353	ARSA	1.0	0.12	missense variant	C0023522	Leukodystrophy, Metachromatic	C16;C18;C10	   Congenital, Hereditary, and Neonatal Diseases and Abnormalities;    Nutritional and Metabolic Diseases;    Nervous System Diseases	disease	Disease or Syndrome	0.7				UNIPROT
31	rs199476354	ARSA	1.0	0.12	missense variant	C0023522	Leukodystrophy, Metachromatic	C16;C18;C10	   Congenital, Hereditary, and Neonatal Diseases and Abnormalities;    Nutritional and Metabolic Diseases;    Nervous System Diseases	disease	Disease or Syndrome	0.7				UNIPROT
32	rs199476360	ARSA	1.0	0.12	stop gained	C0023522	Leukodystrophy, Metachromatic	C16;C18;C10	   Congenital, Hereditary, and Neonatal Diseases and Abnormalities;    Nutritional and Metabolic Diseases;    Nervous System Diseases	disease	Disease or Syndrome	0.7				UNIPROT
33	rs199476363	ARSA	1.0	0.12	missense variant	C0023522	Leukodystrophy, Metachromatic	C16;C18;C10	   Congenital, Hereditary, and Neonatal Diseases and Abnormalities;    Nutritional and Metabolic Diseases;    Nervous System Diseases	disease	Disease or Syndrome	0.7				UNIPROT
34	rs199476364	ARSA	1.0	0.12	missense variant	C0023522	Leukodystrophy, Metachromatic	C16;C18;C10	   Congenital, Hereditary, and Neonatal Diseases and Abnormalities;    Nutritional and Metabolic Diseases;    Nervous System Diseases	disease	Disease or Syndrome	0.7				UNIPROT
35	rs199476365	ARSA	1.0	0.12	missense variant	C0023522	Leukodystrophy, Metachromatic	C16;C18;C10	   Congenital, Hereditary, and Neonatal Diseases and Abnormalities;    Nutritional and Metabolic Diseases;    Nervous System Diseases	disease	Disease or Syndrome	0.7				UNIPROT
36	rs199476367	ARSA	1.0	0.12	missense variant	C0023522	Leukodystrophy, Metachromatic	C16;C18;C10	   Congenital, Hereditary, and Neonatal Diseases and Abnormalities;    Nutritional and Metabolic Diseases;    Nervous System Diseases	disease	Disease or Syndrome	0.7				UNIPROT
37	rs199476369	ARSA	1.0	0.12	missense variant	C0023522	Leukodystrophy, Metachromatic	C16;C18;C10	   Congenital, Hereditary, and Neonatal Diseases and Abnormalities;    Nutritional and Metabolic Diseases;    Nervous System Diseases	disease	Disease or Syndrome	0.7				UNIPROT
38	rs199476370	ARSA	1.0	0.12	missense variant	C0023522	Leukodystrophy, Metachromatic	C16;C18;C10	   Congenital, Hereditary, and Neonatal Diseases and Abnormalities;    Nutritional and Metabolic Diseases;    Nervous System Diseases	disease	Disease or Syndrome	0.7				UNIPROT
39	rs199476371	ARSA	0.925	0.12	missense variant	C0023522	Leukodystrophy, Metachromatic	C16;C18;C10	   Congenital, Hereditary, and Neonatal Diseases and Abnormalities;    Nutritional and Metabolic Diseases;    Nervous System Diseases	disease	Disease or Syndrome	0.7				UNIPROT
40	rs199476372	ARSA	1.0	0.12	missense variant	C0023522	Leukodystrophy, Metachromatic	C16;C18;C10	   Congenital, Hereditary, and Neonatal Diseases and Abnormalities;    Nutritional and Metabolic Diseases;    Nervous System Diseases	disease	Disease or Syndrome	0.7				UNIPROT
41	rs199476373	ARSA	1.0	0.12	missense variant	C0023522	Leukodystrophy, Metachromatic	C16;C18;C10	   Congenital, Hereditary, and Neonatal Diseases and Abnormalities;    Nutritional and Metabolic Diseases;    Nervous System Diseases	disease	Disease or Syndrome	0.7				UNIPROT
42	rs199476376	ARSA	1.0	0.12	missense variant	C0023522	Leukodystrophy, Metachromatic	C16;C18;C10	   Congenital, Hereditary, and Neonatal Diseases and Abnormalities;    Nutritional and Metabolic Diseases;    Nervous System Diseases	disease	Disease or Syndrome	0.7				UNIPROT
43	rs199476377	ARSA	1.0	0.12	missense variant	C0023522	Leukodystrophy, Metachromatic	C16;C18;C10	   Congenital, Hereditary, and Neonatal Diseases and Abnormalities;    Nutritional and Metabolic Diseases;    Nervous System Diseases	disease	Disease or Syndrome	0.7				UNIPROT
44	rs199476378	ARSA	1.0	0.12	missense variant	C0023522	Leukodystrophy, Metachromatic	C16;C18;C10	   Congenital, Hereditary, and Neonatal Diseases and Abnormalities;    Nutritional and Metabolic Diseases;    Nervous System Diseases	disease	Disease or Syndrome	0.7				UNIPROT
45	rs199476380	ARSA	1.0	0.12	missense variant	C0023522	Leukodystrophy, Metachromatic	C16;C18;C10	   Congenital, Hereditary, and Neonatal Diseases and Abnormalities;    Nutritional and Metabolic Diseases;    Nervous System Diseases	disease	Disease or Syndrome	0.7				UNIPROT
46	rs199476381	ARSA	1.0	0.12	missense variant	C0023522	Leukodystrophy, Metachromatic	C16;C18;C10	   Congenital, Hereditary, and Neonatal Diseases and Abnormalities;    Nutritional and Metabolic Diseases;    Nervous System Diseases	disease	Disease or Syndrome	0.7				UNIPROT
47	rs199476387	ARSA	1.0	0.12	missense variant	C0023522	Leukodystrophy, Metachromatic	C16;C18;C10	   Congenital, Hereditary, and Neonatal Diseases and Abnormalities;    Nutritional and Metabolic Diseases;    Nervous System Diseases	disease	Disease or Syndrome	0.7				UNIPROT
48	rs199476389	ARSA	1.0	0.12	missense variant	C0023522	Leukodystrophy, Metachromatic	C16;C18;C10	   Congenital, Hereditary, and Neonatal Diseases and Abnormalities;    Nutritional and Metabolic Diseases;    Nervous System Diseases	disease	Disease or Syndrome	0.7				UNIPROT
49	rs199476391	ARSA	1.0	0.12	missense variant	C0023522	Leukodystrophy, Metachromatic	C16;C18;C10	   Congenital, Hereditary, and Neonatal Diseases and Abnormalities;    Nutritional and Metabolic Diseases;    Nervous System Diseases	disease	Disease or Syndrome	0.7				UNIPROT
50	rs199476392	ARSA	0.925	0.12	missense variant	C0023522	Leukodystrophy, Metachromatic	C16;C18;C10	   Congenital, Hereditary, and Neonatal Diseases and Abnormalities;    Nutritional and Metabolic Diseases;    Nervous System Diseases	disease	Disease or Syndrome	0.7				UNIPROT
51	rs74315460	ARSA	0.925	0.12	missense variant	C0023522	Leukodystrophy, Metachromatic	C16;C18;C10	   Congenital, Hereditary, and Neonatal Diseases and Abnormalities;    Nutritional and Metabolic Diseases;    Nervous System Diseases	disease	Disease or Syndrome	0.7				UNIPROT
52	rs74315462	ARSA	1.0	0.12	missense variant	C0023522	Leukodystrophy, Metachromatic	C16;C18;C10	   Congenital, Hereditary, and Neonatal Diseases and Abnormalities;    Nutritional and Metabolic Diseases;    Nervous System Diseases	disease	Disease or Syndrome	0.7				UNIPROT
53	rs74315478	ARSA	0.925	0.12	missense variant	C0023522	Leukodystrophy, Metachromatic	C16;C18;C10	   Congenital, Hereditary, and Neonatal Diseases and Abnormalities;    Nutritional and Metabolic Diseases;    Nervous System Diseases	disease	Disease or Syndrome	0.7				UNIPROT
54	rs74315484	ARSA	0.925	0.12	missense variant	C0023522	Leukodystrophy, Metachromatic	C16;C18;C10	   Congenital, Hereditary, and Neonatal Diseases and Abnormalities;    Nutritional and Metabolic Diseases;    Nervous System Diseases	disease	Disease or Syndrome	0.7				UNIPROT
55	rs74315485	ARSA	0.925	0.12	missense variant	C0023522	Leukodystrophy, Metachromatic	C16;C18;C10	   Congenital, Hereditary, and Neonatal Diseases and Abnormalities;    Nutritional and Metabolic Diseases;    Nervous System Diseases	disease	Disease or Syndrome	0.7				UNIPROT
0	rs104894931	SLC16A2	1.0	0.12	missense variant	C0795889	Allan-Herndon-Dudley syndrome (AHDS)	C23;C16;C10	   Pathological Conditions, Signs and Symptoms;    Congenital, Hereditary, and Neonatal Diseases and Abnormalities;    Nervous System Diseases	disease	Disease or Syndrome	0.8	1.0	2004.0	2017.0	UNIPROT
1	rs104894936	SLC16A2	1.0	0.12	missense variant	C0795889	Allan-Herndon-Dudley syndrome (AHDS)	C23;C16;C10	   Pathological Conditions, Signs and Symptoms;    Congenital, Hereditary, and Neonatal Diseases and Abnormalities;    Nervous System Diseases	disease	Disease or Syndrome	0.8	1.0	2004.0	2017.0	UNIPROT
2	rs104894938	SLC16A2	1.0	0.12	missense variant	C0795889	Allan-Herndon-Dudley syndrome (AHDS)	C23;C16;C10	   Pathological Conditions, Signs and Symptoms;    Congenital, Hereditary, and Neonatal Diseases and Abnormalities;    Nervous System Diseases	disease	Disease or Syndrome	0.8	1.0	2004.0	2017.0	UNIPROT
3	rs104894939	SLC16A2	1.0	0.12	missense variant	C0795889	Allan-Herndon-Dudley syndrome (AHDS)	C23;C16;C10	   Pathological Conditions, Signs and Symptoms;    Congenital, Hereditary, and Neonatal Diseases and Abnormalities;    Nervous System Diseases	disease	Disease or Syndrome	0.8	1.0	2004.0	2017.0	UNIPROT
4	rs122455132	SLC16A2	0.925	0.2	missense variant	C0795889	Allan-Herndon-Dudley syndrome (AHDS)	C23;C16;C10	   Pathological Conditions, Signs and Symptoms;    Congenital, Hereditary, and Neonatal Diseases and Abnormalities;    Nervous System Diseases	disease	Disease or Syndrome	0.8	1.0	2004.0	2017.0	UNIPROT
5	rs587784384	SLC16A2	0.925	0.12	missense variant	C0795889	Allan-Herndon-Dudley syndrome (AHDS)	C23;C16;C10	   Pathological Conditions, Signs and Symptoms;    Congenital, Hereditary, and Neonatal Diseases and Abnormalities;    Nervous System Diseases	disease	Disease or Syndrome	0.8	1.0	2004.0	2017.0	UNIPROT
6	rs373279555	SLC16A2	1.0	0.12	missense variant	C0795889	Allan-Herndon-Dudley syndrome (AHDS)	C23;C16;C10	   Pathological Conditions, Signs and Symptoms;    Congenital, Hereditary, and Neonatal Diseases and Abnormalities;    Nervous System Diseases	disease	Disease or Syndrome	0.7	1.0	2004.0	2017.0	UNIPROT
7	rs398124232	SLC16A2	1.0	0.12	missense variant	C0795889	Allan-Herndon-Dudley syndrome (AHDS)	C23;C16;C10	   Pathological Conditions, Signs and Symptoms;    Congenital, Hereditary, and Neonatal Diseases and Abnormalities;    Nervous System Diseases	disease	Disease or Syndrome	0.7	1.0	2004.0	2017.0	UNIPROT
8	rs727504155	SLC16A2	1.0	0.12	missense variant	C0795889	Allan-Herndon-Dudley syndrome (AHDS)	C23;C16;C10	   Pathological Conditions, Signs and Symptoms;    Congenital, Hereditary, and Neonatal Diseases and Abnormalities;    Nervous System Diseases	disease	Disease or Syndrome	0.7				UNIPROT
9	rs794727799	SLC16A2	1.0	0.12	missense variant	C0795889	Allan-Herndon-Dudley syndrome (AHDS)	C23;C16;C10	   Pathological Conditions, Signs and Symptoms;    Congenital, Hereditary, and Neonatal Diseases and Abnormalities;    Nervous System Diseases	disease	Disease or Syndrome	0.7	1.0	2004.0	2017.0	UNIPROT
0	rs281864468	AIFM1;RAB33A	1.0	0.16	missense variant	C0795910	COWCHOCK SYNDROME	C23;C16;C10;C09	   Pathological Conditions, Signs and Symptoms;    Congenital, Hereditary, and Neonatal Diseases and Abnormalities;    Nervous System Diseases;    Otorhinolaryngologic Diseases	disease	Disease or Syndrome	0.8	1.0	2012.0	2015.0	UNIPROT
1	rs724160020	AIFM1;RAB33A	1.0	0.16	missense variant	C1845095	DEAFNESS, X-LINKED 5 (disorder)	C23;C16;C10;C09	   Pathological Conditions, Signs and Symptoms;    Congenital, Hereditary, and Neonatal Diseases and Abnormalities;    Nervous System Diseases;    Otorhinolaryngologic Diseases	disease	Disease or Syndrome	0.8				UNIPROT
2	rs724160021	AIFM1;RAB33A	0.925	0.16	missense variant	C1845095	DEAFNESS, X-LINKED 5 (disorder)	C23;C16;C10;C09	   Pathological Conditions, Signs and Symptoms;    Congenital, Hereditary, and Neonatal Diseases and Abnormalities;    Nervous System Diseases;    Otorhinolaryngologic Diseases	disease	Disease or Syndrome	0.8				UNIPROT
3	rs724160022	AIFM1;RAB33A	0.925	0.16	missense variant	C1845095	DEAFNESS, X-LINKED 5 (disorder)	C23;C16;C10;C09	   Pathological Conditions, Signs and Symptoms;    Congenital, Hereditary, and Neonatal Diseases and Abnormalities;    Nervous System Diseases;    Otorhinolaryngologic Diseases	disease	Disease or Syndrome	0.8				UNIPROT
4	rs724160023	AIFM1;RAB33A	0.925	0.16	missense variant	C1845095	DEAFNESS, X-LINKED 5 (disorder)	C23;C16;C10;C09	   Pathological Conditions, Signs and Symptoms;    Congenital, Hereditary, and Neonatal Diseases and Abnormalities;    Nervous System Diseases;    Otorhinolaryngologic Diseases	disease	Disease or Syndrome	0.8				UNIPROT
5	rs724160026	AIFM1;RAB33A	0.925	0.16	missense variant	C1845095	DEAFNESS, X-LINKED 5 (disorder)	C23;C16;C10;C09	   Pathological Conditions, Signs and Symptoms;    Congenital, Hereditary, and Neonatal Diseases and Abnormalities;    Nervous System Diseases;    Otorhinolaryngologic Diseases	disease	Disease or Syndrome	0.8	1.0	2015.0	2015.0	UNIPROT
6	rs863225431	AIFM1;RAB33A	0.925	0.16	missense variant	C1845095	DEAFNESS, X-LINKED 5 (disorder)	C23;C16;C10;C09	   Pathological Conditions, Signs and Symptoms;    Congenital, Hereditary, and Neonatal Diseases and Abnormalities;    Nervous System Diseases;    Otorhinolaryngologic Diseases	disease	Disease or Syndrome	0.8	1.0	2015.0	2015.0	UNIPROT
7	rs863225432	AIFM1;RAB33A	1.0	0.16	missense variant	C1845095	DEAFNESS, X-LINKED 5 (disorder)	C23;C16;C10;C09	   Pathological Conditions, Signs and Symptoms;    Congenital, Hereditary, and Neonatal Diseases and Abnormalities;    Nervous System Diseases;    Otorhinolaryngologic Diseases	disease	Disease or Syndrome	0.8	1.0	2015.0	2015.0	UNIPROT
8	rs1223488720	AIFM1;RAB33A	1.0	0.16	missense variant	C1845095	DEAFNESS, X-LINKED 5 (disorder)	C23;C16;C10;C09	   Pathological Conditions, Signs and Symptoms;    Congenital, Hereditary, and Neonatal Diseases and Abnormalities;    Nervous System Diseases;    Otorhinolaryngologic Diseases	disease	Disease or Syndrome	0.7	1.0	2015.0	2015.0	UNIPROT
9	rs184474885	AIFM1;RAB33A	0.925	0.16	missense variant	C1845095	DEAFNESS, X-LINKED 5 (disorder)	C23;C16;C10;C09	   Pathological Conditions, Signs and Symptoms;    Congenital, Hereditary, and Neonatal Diseases and Abnormalities;    Nervous System Diseases;    Otorhinolaryngologic Diseases	disease	Disease or Syndrome	0.7	1.0	2015.0	2015.0	UNIPROT
